Aircraft Name,Length [m],MTOW [kg]
Airbus A38F,238.62,1300000
Boeing B748,250.17,987000
Boeing B744,231.85,910000
Airbus A345,222.87,837756
Airbus A346,247.24,837756
Boeing B742,231.83,833000
Boeing B77W,242.33,775000
Boeing B773,209.08,766800
Boeing B74S,184.75,696000
Airbus A359,219.42,617300
Airbus A343,208.96,609578
Airbus A342,194.95,606271
Boeing B789,206.08,560000
Airbus A358,198.58,546700
Airbus A332,193.57,533519
Airbus A333,208.99,533519
Boeing B788,186.08,502500
Airbus A3ST,207,500444
Boeing (McDonnell Douglas) DC10,182.3,455000
Boeing B764,201.33,450000
Boeing B763,180.25,412000
Boeing B762,159.17,395000
Airbus A306,177.43,378530
Airbus A30B,175.5,363760
Airbus A310,153.16,361557
Boeing B703,152.92,333600
Boeing B753,178.58,270000
Boeing B752,155.25,255500
Boeing B720,136.75,234300
Boeing B722,153.17,209500
Airbus A321,146.03,206132
Boeing B39M,138.33,194700
Boeing B739,138.17,187700
Boeing B38M,129.67,182200
Boeing B37M,116.67,177000
Boeing B738,129.5,174200
Airbus A320,123.27,174165
Aero Spacelines SGUP,143.83,170000
Boeing B721,133.17,169000
Airbus A319,111.02,168653
Boeing (McDonnell Douglas) MD90,152.58,168000
Lockheed C130,112.75,164000
Boeing (McDonnell Douglas) MD83,147.83,160000
Boeing B737,110.33,154500
Boeing B734,119.58,150000
Airbus A318,103.18,149914
Bombardier BCS3,127,149000
Boeing B736,102.5,144500
Boeing (McDonnell Douglas) DC7,112.3,143000
Boeing B733,109.58,139500
Boeing B735,101.75,136000
Embraer E190,106,135584
Bombardier BCS1,114.75,134000
Boeing B732,100.17,128100
Aerospatiale (Sud Aviation) S210,101.7,123460
Boeing B712,124,121000
Boeing (McDonnell Douglas) DC93,119.3,121000
Boeing (McDonnell Douglas) DC94,125.6,114000
Boeing B731,94,110000
Boeing (McDonnell Douglas) DC6,105.6,107000
British Aircraft Corporation BA11,107,104500
Breguet Aviation ATLA,103.75,101850
British Aerospace (BAe)/Avro RJ1H,101.67,101500
Gulfstream Aerospace Corp. GLF6,99.75,99600
Bombardier GLEX,99.42,99500
Boeing (McDonnell Douglas) DC92,104.4,98000
British Aerospace (BAe)/Avro RJ85,93.67,97000
British Aerospace (BAe)/Avro RJ70,85.92,95000
Gulfstream Aerospace Corp. GA6C,96.08,94600
Bombardier GL5T,96.83,92500
Gulfstream Aerospace Corp. GLF5,96.42,91000
Bombardier CRJ7,106.57,77000
Antonov AN72,92.1,76060
Gulfstream (Gulfstream Aerospace Corp.) GLF4,88.33,74600
Boeing (McDonnell Douglas) DC4,93.9,73000
Dassault Aviation FA8X,80.21,73000
Dassault Aviation FA7X,76.08,70000
Gulfstream (Gulfstream American Corp.) GLF2,79.92,69700
Gulfstream (Gulfstream American Corp.) GLF3,83.08,69700
Bombardier (De Havilland Canada (DHC)) DH8D,107.75,64500
Aeritalia G222,74.46,61730
Embraer E45X,98,53131
Bombardier CRJ2,87.83,53000
ATR (Aérospatiale/Alenia) AT72,89.13,50706
Saab SB20,89.5,50265
Dassault Aviation F900,66.33,49000
Bombardier CL60,68.42,48200
Bombardier (De Havilland Canada (DHC)) DHC7,80.5,47000
Embraer E135,93.42,46517
Fokker F27,82.21,45900
Embraer E35L,86.42,44092
Bombardier (De Havilland Canada (DHC)) DH8C,84.25,43000
Embraer E545,68.08,42858
ATR (Aérospatiale/Alenia) AT45,74.42,41005
Dassault Aviation FA50,60.77,40780
Bombardier CL35,68.67,40600
Gulfstream Aerospace Corp. G280,66.83,39600
Cessna C700,73.17,39500
Hawker Beechcraft HA4T,69.17,39500
Bombardier CL30,68.75,38850
Dassault Aviation MIR2,47.75,38000
Cessna C750,73.58,36600
Bombardier (De Havilland Canada (DHC)) DH8A,73,36300
Gulfstream Aerospace Corp. GALX,62.25,35650
Fairchild Dornier J328,69.25,34524
Hawker Beechcraft H25C,52.75,31000
CASA H111,53.3,30865
Dornier D328,69.67,30843
Cessna C680,63.5,30775
Saab SF34,64.75,29000
Basler Turbo Conversions DC3T,67.75,28750
Dassault Aviation FA20,56.25,28660
Hawker Beechcraft H25B,51.17,28000
Embraer E120,65.67,26433
Gulfstream Aerospace Corp. (General Dynamics) G150,56.75,26100
Boeing (McDonnell Douglas) DC3,64.67,25199
Israel Aircraft Industries (IAI) WW24,52.25,23500
Cessna C650,55.46,23000
Bombardier LJ60,58.67,22750
Aerospatiale N262,63.25,22710
Bombardier LJ45,58,21500
Bombardier LJ70,56,21500
Bombardier LJ40,55.56,21000
Aermacchi / Macchi M346,37.69,20945
British Aerospace (BAe)/Hawker Siddeley (HS) H25A,50.5,20503
Cessna C56X,52.5,20200
Bombardier LJ55,55.08,19500
Dassault Aviation FA10,45.48,18739
Bombardier LJ35,48.67,18000
Embraer E55P,51.33,17968
North American Rockwell SBR1,44,17760
Aero Vodochody L159,41.73,17637
Israel Aircraft Industries (IAI) JCOM,55.58,17500
Beechcraft B190,57.67,17120
Cessna C25C,53.33,17110
Cessna C560,48.92,16830
"Dassault Aviation, Breguet, Dornier AJET",43.42,16535
Beechcraft B350,46.67,16500
Hawker Beechcraft BE40,48.42,16300
Air Tractor AT8T,36,16000
Aero Vodochody L59,40.02,15432
Cessna S550,47.71,15100
Bombardier LJ25,47.58,15000
"Cessna C550,C551,C55B",47.21,14800
Aerospatiale S601,45.38,14550
Dornier D228,54.33,14550
Cessna A37,28.28,14000
Embraer E121,44.08,13536
Bombardier LJ24,43.25,13500
Embraer E110,50.33,13010
Air Tractor AT6T,33.5,12500
Beechcraft PRM1,46,12500
Beechcraft BE20,43.75,12500
Bombardier (De Havilland Canada (DHC)) DHC6,51.75,12500
Cessna C25A,47.67,12500
PZL Mielec AN2,40.69,12125
Piaggio Aero P180,47.27,12050
Piper PAY4,43.4,12050
Embraer E314,37.33,11905
"Cessna C500, C501",43.6,11850
Beechcraft BE10,39.92,11800
Aero Commander Aircraft AC95,42.98,11750
PZL Mielec M18,31.08,11684
Mitsubishi MU2,39.42,11575
Beechcraft B18T,44.25,11500
Beechcraft BE9T,35.5,10950
Cessna C525,42.58,10700
Honda HDJT,42.62,10600
Embraer E50P,42.08,10582
Air Tractor AT5T,33.67,10480
Pilatus PC12,47.25,10450
Aero Vodochody L39,39.79,10362
Britten-Norman TRIS,49.25,10000
Beechcraft BE18,35.25,9900
Cessna C441,39,9850
Piper PAY2,34.67,9474
Aero Commander Aircraft AC80,41.48,9400
Australian Government Aircraft Facilities (GAF) NOMA,47.08,9400
Air Tractor AT3T,30.58,9170
Cessna C208,41.58,9062
Aero Commander Aircraft AC6L,43,9000
Cessna C510,40.58,8645
Cessna C425,35.83,8600
Cessna C404,39.52,8400
Aermacchi / Macchi M326,34.94,8300
Aero Vodochody L29,35.46,7804
Piper PA31,32.63,7800
Adam Aircraft Industries A700,40.75,7600
Aero Commander Aircraft AC68,24.2,7500
Cessna C421,36.42,7450
Daher-Socata TBM8,34.9,7394
Daher-Socata TBM9,35.22,7394
Embraer TUCA,32.33,7220
Beechcraft BE60,33.83,7050
Adam Aircraft Industries A500,37.5,7000
Piper AEST,34.81,6850
Aero Commander Aircraft AC50,36.81,6750
Cessna C340,43.33,6025
Cirrus SF50,30.67,6000
North American Rockwell SS2P,29.17,6000
Piper P46T,29.6,6000
Beechcraft BE56,28,5990
Eclipse Aerospace EA50,33.08,5950
Beechcraft BE58,29.83,5500
Beechcraft T34P,28.71,5500
Cessna C310,32,5500
Cessna C303,30.42,5150
De Havilland Canada DHC2,30.25,5100
Diamond DA62,30.08,5071
Air Tractor AT3P,27,5000
Piper PA34,28.63,4750
Diamond DA42,28.08,4407
Cessna C337,29.75,4400
Piper PA46,28.9,4340
Beechcraft BE95,25.92,4200
Cessna C188,26.25,4200
"Cessna C210, P210, C10T",28.25,4000
Embraer IPAN,24.42,3969
Aero Commander Aircraft CLB1,24,3800
"Cessna C207, C07T",27.33,3800
Grumman American GA7,28.67,3800
Piper PA44,27.6,3800
Mooney International Corporation M22,26,3680
Beechcraft BE36,27.5,3650
Piper PA32,27.9,3600
Aero Vodochody AE45,25.5,3527
Beechcraft BE33,26.67,3500
Beechcraft BE35,26.42,3400
Cessna COL3,25.17,3400
Mooney International Corporation M20P,26.75,3374
Cessna C185,25.63,3350
Bellanca Aircraft Company BL17,26.33,3325
Lake Aircraft LA25,28.33,3140
"Cessna C182, C82R",29,3100
Piper P28A,23.79,3000
Piper P28B,24.73,2900
Piper P28R,24.67,2900
Aermacchi / Macchi F260,23,2866
Cessna C77R,27.25,2800
Diamond DA50,29.5,2712
Glasair Aviation (Stoddard-Hamilton Aircraft) GLAS,21.79,2700
"Cessna C172, C72R",27.17,2650
Lake Aircraft LA4,24.92,2600
Cessna C175,25,2500
Beagle Aircraft Limited AUS6,23.25,2400
Beagle Aircraft Limited D5,23.17,2400
Grumman American AA5,22,2400
Colonial Aircraft SKIM,23.5,2350
Aero Boero AB15,23.83,2207
Cessna C170,24.96,2200
Aeronca AR15,25.25,2050
Aero Boero AB18,23.23,1962
American Champion Aircraft Corp CH7B,22.08,1950
Schweizer EDGE,22.67,1950
Beagle Aircraft Limited D4,23.33,1900
Piper PA18,22.5,1750
Aero Boero AB11,23.85,1697
Cessna C152,24.08,1675
Bücker BU81,25.7,1653
Cessna C150,23.92,1600
Gulfstream American (division of Gulfstream Aerospace) AA1,19.25,1600
Aero Boero AB95,22.63,1543
Acro Sport ACR2,18.85,1520
CASA BU31,21.67,1500
"Cessna C120, C140",21.5,1450
Mooney International Corporation M10,20.67,1450
Aermacchi / Macchi M308,21.42,1433
Acro Sport ACRO,17.5,1350
Cessna C162,22.8,1320
CASA BU33,19.69,1290
ERCO (Engineering and Research Corporation) ERCO,20.75,1260
Acro Sport COUG,18.92,1250
Aeronca AR11,20.83,1250
Acro Sport JACE,18,1225
Piper J3,22.42,1220
Acro Sport SACE,18.5,1030
Mooney International Corporation MITE,17.6,850
